391970380878708740;web-frm;Thu, 14 Jun 2018 05:35:39 +0200;News: Un pack de skin pour proteger les oceans
393289077212053504;web-mc.net;Wed, 13 Jun 2018 17:17:22 +0200;A Peaceful Place
393118419656114177;yt-fb;2017-12-19T19:51:59+00:00;Presentation Freebuild (fb.serveurs-frm.net)
421004758380314625;yt-slicedlime;2018-06-11T15:30:01+00:00;Mass Effect Andromeda - Part 71: Remnant Secrets
421004758380314625;tw-dinnerbone;Sun, 10 Jun 2018 22:23:23 +0100;There's only one game I want them to announce at E3. Freelancer 2. :( #nevergivingup
421004758380314625;tw-mojang-support;Mon, 28 May 2018 08:48:30 +0100;The new revised  http://feedback.minecraft.net    is now up and running. Feel free to share your best ideas!
421004758380314625;tw-minecraft;Wed, 13 Jun 2018 16:19:56 +0100;A Peaceful Place! This wonderful recreation of the Potala Palace by    @JockesMC will help you find inner peace! Or fill you with horrible rage. Who knows?    https://minecraft.net/article/peaceful-place   ...pic.twitter.com/lWB40L8TDK
447066303736578058;web-discord;Fri, 25 May 2018 22:54:47 -0700;US East Connection Issues
447066303736578058;tw-discord;Wed, 13 Jun 2018 20:56:21 +0100;Just got out of a four day long shower. What'd I miss at E3?pic.twitter.com/pt3hAvkjwV
447066303736578058;yt-discord;2018-05-22T17:58:39+00:00;Discord Vlog - Third Birthday
421004758380314625;tw_adrian;Thu, 07 Jun 2018 12:21:04 +0100;We will add a recipe for crafting packed ice from ice in the next pre-release! Thanks for feedback!
447066303736578058;tw_mee6;Wed, 13 Jun 2018 08:48:19 +0100;Do you ever just sit here and stare at the time... realize it's kinda late at night... and then realize people across the world see different times.      If you don't believe me, comment your timezone and see what times other users are at!pic.twitter.com/4HAWyEy53c
